<shortcuts>
	<shortcut>
		<defaultID />
		<label>M6</label>
		<label2>Elément personnalisé</label2>
		<icon>DefaultShortcut.png</icon>
		<thumb>special://skin/extras/icons/m6.png</thumb>
		<action>ActivateWindow(Videos,"plugin://plugin.video.catchuptvandmore/resources/lib/channels/fr/6play/list_categories/?_pickle_=80049524000000000000007d94288c075f7469746c655f948c024d36948c065f617267735f948c026d36948594752e",return)</action>
	</shortcut>
	<shortcut>
		<defaultID />
		<label>W9</label>
		<label2>Elément personnalisé</label2>
		<icon>DefaultShortcut.png</icon>
		<thumb>special://skin/extras/icons/w9.png</thumb>
		<action>ActivateWindow(Videos,"plugin://plugin.video.catchuptvandmore/resources/lib/channels/fr/6play/list_categories/?_pickle_=80049524000000000000007d94288c075f7469746c655f948c025739948c065f617267735f948c027739948594752e",return)</action>
	</shortcut>
	<shortcut>
		<defaultID />
		<label>6TER</label>
		<label2>Elément personnalisé</label2>
		<icon>DefaultShortcut.png</icon>
		<thumb>special://skin/extras/icons/6ter.png</thumb>
		<action>ActivateWindow(Videos,"plugin://plugin.video.catchuptvandmore/resources/lib/channels/fr/6play/list_categories/?_pickle_=80049523000000000000007d94288c075f7469746c655f948c0436746572948c065f617267735f9468028594752e",return)</action>
	</shortcut>
	<shortcut>
		<defaultID />
		<label>GULLI</label>
		<label2>Elément personnalisé</label2>
		<icon>DefaultShortcut.png</icon>
		<thumb>special://skin/extras/icons/gulli.png</thumb>
		<action>ActivateWindow(Videos,"plugin://plugin.video.catchuptvandmore/resources/lib/channels/fr/6play/list_categories/?_pickle_=8004952a000000000000007d94288c075f7469746c655f948c0547756c6c69948c065f617267735f948c0567756c6c69948594752e",return)</action>
	</shortcut>
</shortcuts>
