<shortcuts>
	<shortcut>
		<defaultID />
		<label>CNEWS</label>
		<label2>Elément personnalisé</label2>
		<icon>DefaultShortcut.png</icon>
		<thumb>special://skin/extras/icons/cnews.png</thumb>
		<action>ActivateWindow(Videos,"plugin://plugin.video.catchuptvandmore/resources/lib/channels/fr/cnews/list_categories/?_pickle_=80049535000000000000007d94288c075f7469746c655f948c05434e657773948c08786d6c74765f6964944e8c076974656d5f6964948c05636e65777394752e",return)</action>
	</shortcut>
	<shortcut>
		<defaultID />
		<label>BFM TV</label>
		<label2>Elément personnalisé</label2>
		<icon>DefaultShortcut.png</icon>
		<thumb>special://skin/extras/icons/bfmtv.png</thumb>
		<action>ActivateWindow(Videos,"plugin://plugin.video.catchuptvandmore/resources/lib/channels/fr/bfmtv/list_programs/?_pickle_=80049536000000000000007d94288c075f7469746c655f948c0642464d205456948c08786d6c74765f6964944e8c076974656d5f6964948c0562666d747694752e",return)</action>
	</shortcut>
	<shortcut>
		<defaultID />
		<label>FRANCEINFO</label>
		<label2>Elément personnalisé</label2>
		<icon>DefaultShortcut.png</icon>
		<thumb>special://skin/extras/icons/franceinfo.png</thumb>
		<action>ActivateWindow(Videos,"plugin://plugin.video.catchuptvandmore/resources/lib/channels/fr/franceinfo/list_categories/?_pickle_=80049540000000000000007d94288c075f7469746c655f948c0b4672616e636520496e666f948c08786d6c74765f6964944e8c076974656d5f6964948c0a6672616e6365696e666f94752e",return)</action>
	</shortcut>
	<shortcut>
		<defaultID />
		<label>L'ÉQUIPE 21</label>
		<label2>Elément personnalisé</label2>
		<icon>DefaultShortcut.png</icon>
		<thumb>special://skin/extras/icons/lequipe.png</thumb>
		<action>ActivateWindow(Videos,"plugin://plugin.video.catchuptvandmore/resources/lib/channels/fr/lequipe/list_programs/?_pickle_=8004953b000000000000007d94288c075f7469746c655f948c094c27c3897175697065948c08786d6c74765f6964944e8c076974656d5f6964948c076c65717569706594752e",return)</action>
	</shortcut>
</shortcuts>
