<shortcuts>
	<shortcut>
		<defaultID />
		<label>NRJ12</label>
		<label2>Elément personnalisé</label2>
		<icon>DefaultShortcut.png</icon>
		<thumb>special://skin/extras/icons/nrj12.png</thumb>
		<action>ActivateWindow(Videos,"plugin://plugin.video.catchuptvandmore/resources/lib/channels/fr/nrj/list_categories/?_pickle_=8004952b000000000000007d94288c075f7469746c655f948c064e524a203132948c065f617267735f948c056e726a3132948594752e",return)</action>
	</shortcut>
	<shortcut>
		<defaultID />
		<label>CHÉRIE 25</label>
		<label2>Elément personnalisé</label2>
		<icon>DefaultShortcut.png</icon>
		<thumb>special://skin/extras/icons/cherie25.png</thumb>
		<action>ActivateWindow(Videos,"plugin://plugin.video.catchuptvandmore/resources/lib/channels/fr/nrj/list_categories/?_pickle_=80049532000000000000007d94288c075f7469746c655f948c0a4368c3a9726965203235948c065f617267735f948c086368657269653235948594752e",return)</action>
	</shortcut>
</shortcuts>
