<shortcuts>
	<shortcut>
		<defaultID>documentaire</defaultID>
		<label>Séries Documentaires</label>
		<label2>Elément personnalisé</label2>
		<icon>special://skin/extras/icons/folder.png</icon>
		<thumb />
		<action>ActivateWindow(Videos,"plugin://plugin.video.sendtokodiU2P/?action=MenuSerie&amp;famille=%23Documentaires",return)</action>
		</shortcut>
	<shortcut>
		<defaultID>documentaire</defaultID>
		<label>Films Documentaires</label>
		<label2>Elément personnalisé</label2>
		<icon>special://skin/extras/icons/folder.png</icon>
		<thumb />
		<action>ActivateWindow(Videos,"plugin://plugin.video.sendtokodiU2P/?action=MenuFilm&amp;famille=%23Documentaires",return)</action>
		</shortcut>
	</shortcuts>
