<shortcuts>
	<shortcut>
		<defaultID>10007</defaultID>
		<label>Infos Système</label>
		<label2>Elément de menu commun</label2>
		<icon>special://skin/extras/icons/sysinfo.png</icon>
		<thumb>special://skin/extras/icons/info2.png</thumb>
		<action>ActivateWindow(SystemInfo)</action>
		</shortcut>
	<shortcut>
		<defaultID />
		<label>Mise à jour Streaming</label>
		<label2>Elément personnalisé</label2>
		<icon>DefaultShortcut.png</icon>
		<thumb>special://skin/extras/icons/download.png</thumb>
		<action>RunScript(special://home/addons/service.autoexec/script_maj_streaming.py)</action>
		</shortcut>
	<shortcut>
		<defaultID />
		<label>Mise à Jour DB</label>
		<label2>Elément personnalisé</label2>
		<icon>DefaultShortcut.png</icon>
		<thumb>special://skin/extras/icons/update.png</thumb>
		<action>PlayMedia("plugin://plugin.video.sendtokodiU2P/?action=maj")
</action>
		</shortcut>
	<shortcut>
		<defaultID />
		<label>Mise à Jour du Skin</label>
		<label2>Elément personnalisé</label2>
		<icon>DefaultShortcut.png</icon>
		<thumb>special://skin/extras/icons/paintbrush2.png</thumb>
		<action>RunScript(special://home/addons/plugin.program.weebox/resources/lib/pack_weebox_cosmic.py)</action>
		</shortcut>
	<shortcut>
		<defaultID />
		<label>UPDATE - TV &amp; Replay Services</label>
		<label2>Elément personnalisé</label2>
		<icon>DefaultShortcut.png</icon>
		<thumb>special://skin/extras/icons/download.png</thumb>
		<action>RunScript(special://home/addons/service.autoexec/script_maj_tvreplay.py)
</action>
		<disabled>True</disabled>
		</shortcut>
	<shortcut>
		<defaultID />
		<label>KODI 19.4</label>
		<label2>Elément personnalisé</label2>
		<icon>DefaultShortcut.png</icon>
		<thumb>special://skin/extras/icons/download.png</thumb>
		<action>RunScript(special://home/addons/service.autoexec/script_maj.py)</action>
		</shortcut>
	<shortcut>
		<defaultID />
		<label>Nettoyage</label>
		<label2>Elément personnalisé</label2>
		<icon>DefaultShortcut.png</icon>
		<thumb>special://skin/extras/icons/wand.png</thumb>
		<action>PlayMedia("plugin://plugin.program.openwizard/?mode=fullclean")</action>
		</shortcut>
	<shortcut>
		<defaultID />
		<label>Test Débit</label>
		<label2>Elément personnalisé</label2>
		<icon>DefaultShortcut.png</icon>
		<thumb>special://skin/extras/icons/rocket.png</thumb>
		<action>StartAndroidActivity("com.rma.netpulsetv")</action>
		</shortcut>
	<shortcut>
		<defaultID />
		<label>Sauvegarde Skin</label>
		<label2>Elément personnalisé</label2>
		<icon>DefaultShortcut.png</icon>
		<thumb>special://skin/extras/icons/collection.png</thumb>
		<action>RunScript(special://home/addons/plugin.program.weebox/resources/lib/skin_save_01.py)</action>
		</shortcut>
	<shortcut>
		<defaultID />
		<label>Paramètres</label>
		<label2>Elément personnalisé</label2>
		<icon>DefaultShortcut.png</icon>
		<thumb>special://skin/extras/icons/addons.png</thumb>
		<action>ActivateWindow(Settings)</action>
		</shortcut>
	<shortcut>
		<defaultID />
		<label>Import DB Locale</label>
		<label2>Elément personnalisé</label2>
		<icon>DefaultShortcut.png</icon>
		<thumb>special://skin/extras/icons/atom.png</thumb>
		<action>RunScript(special://home/addons/plugin.program.weebox/resources/lib/download_vstream_db.py)</action>
		<disabled>True</disabled>
		</shortcut>
	<shortcut>
		<defaultID />
		<label>Choisir Database</label>
		<label2>Elément personnalisé</label2>
		<icon>DefaultShortcut.png</icon>
		<thumb>special://skin/extras/icons/database.png</thumb>
		<action>PlayMedia("plugin://plugin.video.sendtokodiU2P/?action=bdauto")</action>
		<disabled>True</disabled>
		</shortcut>
	<shortcut>
		<defaultID>7</defaultID>
		<label>7</label>
		<label2>Elément de menu commun</label2>
		<icon>DefaultFolder.png</icon>
		<thumb />
		<action>ActivateWindow(FileManager)</action>
		<disabled>True</disabled>
		</shortcut>
	<shortcut>
		<defaultID>13200</defaultID>
		<label>13200</label>
		<label2>Elément de menu commun</label2>
		<icon>special://skin/extras/icons/actor.png</icon>
		<thumb />
		<action>ActivateWindow(Profiles)</action>
		<disabled>True</disabled>
		</shortcut>
	<shortcut>
		<defaultID>14111</defaultID>
		<label>14111</label>
		<label2>Elément de menu commun</label2>
		<icon>UnknownUser.png</icon>
		<thumb />
		<action>ActivateWindow(EventLog,events://,return)</action>
		<disabled>True</disabled>
		</shortcut>
	</shortcuts>
