<shortcuts>
	<shortcut>
		<defaultID>22020</defaultID>
		<label>22020</label>
		<label2>TV En Direct</label2>
		<icon>DefaultTVShows.png</icon>
		<thumb />
		<action>ActivateWindow(TVGuide)</action>
		</shortcut>
	<shortcut>
		<defaultID />
		<label>Radios</label>
		<label2>Elément personnalisé</label2>
		<icon>DefaultShortcut.png</icon>
		<thumb>special://skin/extras/icons/equalizer.png</thumb>
		<action>ActivateWindow(Music,"plugin://plugin.audio.radio_de",return)</action>
		</shortcut>
	<shortcut>
		<defaultID>19163</defaultID>
		<label>19163</label>
		<label2>TV En Direct</label2>
		<icon>DefaultTVShows.png</icon>
		<thumb />
		<action>ActivateWindow(TVRecordings)</action>
		<disabled>True</disabled>
		</shortcut>
	<shortcut>
		<defaultID>19040</defaultID>
		<label>19040</label>
		<label2>TV En Direct</label2>
		<icon>DefaultTVShows.png</icon>
		<thumb />
		<action>ActivateWindow(TVTimers)</action>
		<disabled>True</disabled>
		</shortcut>
	<shortcut>
		<defaultID>137</defaultID>
		<label>137</label>
		<label2>TV En Direct</label2>
		<icon>DefaultTVShows.png</icon>
		<thumb />
		<action>ActivateWindow(TVSearch)</action>
		<disabled>True</disabled>
		</shortcut>
	</shortcuts>
