<shortcuts>
	<shortcut>
		<defaultID>13009</defaultID>
		<label>QUITTER</label>
		<label2>Commande Kodi</label2>
		<icon>special://skin/extras/icons/power.png</icon>
		<thumb>special://skin/extras/icons/power.png</thumb>
		<action>Quit</action>
	</shortcut>
	<shortcut>
		<defaultID />
		<label>QUITTER</label>
		<label2>Elément personnalisé</label2>
		<icon>DefaultShortcut.png</icon>
		<thumb>special://skin/extras/icons/database.png</thumb>
		<action>RunScript(special://home/userdata/addon_data/Scripts/upload_vstream_db_quit.py)</action>
		<disabled>True</disabled>
	</shortcut>
	<shortcut>
		<defaultID>settings</defaultID>
		<label>PARAMÈTRES</label>
		<label2>Elément de menu commun</label2>
		<icon>special://skin/extras/icons/settings.png</icon>
		<thumb>special://skin/extras/icons/addons.png</thumb>
		<action>ActivateWindow(Settings)</action>
	</shortcut>
	<shortcut>
		<defaultID>7</defaultID>
		<label>GESTION DE FICHIERS</label>
		<label2>Elément de menu commun</label2>
		<icon>special://skin/extras/icons/folder.png</icon>
		<thumb>special://skin/extras/icons/folder.png</thumb>
		<action>ActivateWindow(FileManager)</action>
		<disabled>True</disabled>
	</shortcut>
	<shortcut>
		<defaultID>24001</defaultID>
		<label>EXTENSIONS</label>
		<label2>Paramètres</label2>
		<icon>special://skin/extras/icons/addons.png</icon>
		<thumb>special://skin/extras/icons/enabled.png</thumb>
		<action>ActivateWindow(AddonBrowser)</action>
	</shortcut>
	<shortcut>
		<defaultID />
		<label>WEEBOX ADDON</label>
		<label2>Elément personnalisé</label2>
		<icon>DefaultShortcut.png</icon>
		<thumb>special://skin/extras/icons/dependencies.png</thumb>
		<action>ActivateWindow(Programs,"plugin://plugin.program.weebox",return)</action>
	</shortcut>
	<shortcut>
		<defaultID />
		<label>TEST DÉBIT</label>
		<label2>Elément personnalisé</label2>
		<icon>DefaultShortcut.png</icon>
		<thumb>special://skin/extras/icons/speed_test.png</thumb>
		<action>StartAndroidActivity("com.rma.netpulsetv")</action>
	</shortcut>
	<shortcut>
		<defaultID />
		<label>NETTOYAGE</label>
		<label2>Elément personnalisé</label2>
		<icon>DefaultShortcut.png</icon>
		<thumb>special://skin/extras/icons/clear_cache.png</thumb>
		<action>PlayMedia("plugin://plugin.program.openwizard/?mode=fullclean")</action>
	</shortcut>
	<shortcut>
		<defaultID />
		<label>MISE A JOUR SKIN</label>
		<label2>Elément personnalisé</label2>
		<icon>DefaultShortcut.png</icon>
		<thumb>special://skin/extras/icons/paintbrush2.png</thumb>
		<action>RunScript(special://home/addons/plugin.program.weebox/resources/lib/pack_weebox.py)</action>
	</shortcut>
	<shortcut>
		<defaultID />
		<label>SAUVEGARDE SKIN</label>
		<label2>Elément personnalisé</label2>
		<icon>DefaultShortcut.png</icon>
		<thumb>special://skin/extras/icons/files.png</thumb>
		<action>RunScript(special://home/addons/plugin.program.weebox/resources/lib/skin_save_01.py)</action>
	</shortcut>
	<shortcut>
		<defaultID />
		<label>TEST</label>
		<label2>Elément personnalisé</label2>
		<icon>DefaultShortcut.png</icon>
		<thumb>special://skin/extras/icons/enabled.png</thumb>
		<action>RunScript(special://home/userdata/addon_data/Scripts/TEST.py)</action>
		<disabled>True</disabled>
	</shortcut>
</shortcuts>
