<shortcuts>
	<shortcut>
		<label>$LOCALIZE[31219]</label>
		<label2 />
		<icon />
		<thumb />
		<action>ActivateWindow(Videos,library://video/,return)</action>
		</shortcut>
	<shortcut>
		<label>$LOCALIZE[39031]</label>
		<label2 />
		<icon />
		<thumb />
		<action>ActivateWindow(Videos,sources://video/,return)</action>
		</shortcut>
	<shortcut>
		<label>$LOCALIZE[1037]</label>
		<label2 />
		<icon />
		<thumb />
		<action>ActivateWindow(Videos,addons://sources/video/,return)</action>
		</shortcut>
	</shortcuts>
