<shortcuts>
	<shortcut>
		<defaultID>8</defaultID>
		<label>8</label>
		<label2>Power Shortcut</label2>
		<icon>special://skin/extras/icons/sun.png</icon>
		<thumb />
		<action>ActivateWindow(weather)</action>
		</shortcut>
	<shortcut>
		<defaultID>1036</defaultID>
		<label>1036</label>
		<label2>Power Shortcut</label2>
		<icon>special://skin/extras/icons/favourites2.png</icon>
		<thumb />
		<action>ActivateWindow(favourites)</action>
		</shortcut>
	<shortcut>
		<defaultID />
		<label>Infos Système</label>
		<label2>Elément personnalisé</label2>
		<icon>DefaultShortcut.png</icon>
		<thumb>special://skin/extras/icons/info2.png</thumb>
		<action>ActivateWindow(SystemInfo)</action>
		</shortcut>
	<shortcut>
		<defaultID />
		<label>Reset Database</label>
		<label2>Elément personnalisé</label2>
		<icon>DefaultShortcut.png</icon>
		<thumb>special://skin/extras/icons/repeat2.png</thumb>
		<action>PlayMedia("plugin://plugin.video.sendtokodiU2P/?action=resetBDhkNew")</action>
		</shortcut>
	<shortcut>
		<defaultID />
		<label>M.A.J des Databases</label>
		<label2>Elément personnalisé</label2>
		<icon>DefaultShortcut.png</icon>
		<thumb>special://skin/extras/icons/database.png</thumb>
		<action>RunPlugin(plugin://plugin.video.sendtokodiU2P/?action=folderPastebin&amp;amp;amp;maj=true)</action>
		</shortcut>
	<shortcut>
		<defaultID />
		<label>Nettoyage</label>
		<label2>Elément personnalisé</label2>
		<icon>DefaultShortcut.png</icon>
		<thumb>special://skin/extras/icons/broom.png</thumb>
		<action>PlayMedia("plugin://plugin.program.openwizard/?mode=fullclean")</action>
		</shortcut>
	<shortcut>
		<defaultID />
		<label>Test de Débit</label>
		<label2>Elément personnalisé</label2>
		<icon>DefaultShortcut.png</icon>
		<thumb>special://skin/extras/icons/rocket2.png</thumb>
		<action>StartAndroidActivity("com.rma.netpulsetv")</action>
		</shortcut>
	<shortcut>
		<defaultID />
		<label>Sauvegarde Skin</label>
		<label2>Elément personnalisé</label2>
		<icon>DefaultShortcut.png</icon>
		<thumb>special://skin/extras/icons/sd-card.png</thumb>
		<action>RunScript(special://home/addons/plugin.program.weebox/resources/lib/skin_save_02.py)</action>
		</shortcut>
	<shortcut>
		<defaultID />
		<label>Infos Versions</label>
		<label2>Elément personnalisé</label2>
		<icon>DefaultShortcut.png</icon>
		<thumb>special://skin/extras/icons/infobubble.png</thumb>
		<action>RunScript(special://home/addons/service.autoexec/script_addon_infos.py)</action>
		</shortcut>
	<shortcut>
		<defaultID />
		<label>[COLOR yellowgreen]KODI 20.1[/COLOR] (M.A.J)</label>
		<label2>Elément personnalisé</label2>
		<icon>DefaultShortcut.png</icon>
		<thumb>special://skin/extras/icons/kodi.png</thumb>
		<action>RunScript(special://home/addons/service.autoexec/script_verif_kodi.py)</action>
		</shortcut>
	<shortcut>
		<defaultID>7</defaultID>
		<label>7</label>
		<label2>Power Shortcut</label2>
		<icon>special://skin/extras/icons/filebox.png</icon>
		<thumb />
		<action>ActivateWindow(filemanager)</action>
		<disabled>True</disabled>
		</shortcut>
	<shortcut>
		<defaultID>24001</defaultID>
		<label>24001</label>
		<label2>Power Shortcut</label2>
		<icon>special://skin/extras/icons/addon.png</icon>
		<thumb />
		<action>ActivateWindow(addonbrowser)</action>
		</shortcut>
	<shortcut>
		<defaultID>5</defaultID>
		<label>5</label>
		<label2>Power Shortcut</label2>
		<icon>special://skin/extras/icons/settings.png</icon>
		<thumb />
		<action>ActivateWindow(interfacesettings)</action>
		</shortcut>
	<shortcut>
		<defaultID>13009</defaultID>
		<label>13009</label>
		<label2>Power Shortcut</label2>
		<icon>special://skin/extras/icons/power.png</icon>
		<thumb />
		<action>Quit()</action>
		</shortcut>
	</shortcuts>
