<shortcuts>
	<shortcut>
		<defaultID />
		<label>ACCUEIL</label>
		<label2>Elément personnalisé</label2>
		<icon>DefaultShortcut.png</icon>
		<thumb />
		<action>noop</action>
	</shortcut>
	<shortcut>
		<defaultID />
		<label>TNT &amp; REPLAY</label>
		<label2>Elément personnalisé</label2>
		<icon>DefaultShortcut.png</icon>
		<thumb />
		<action>noop</action>
	</shortcut>
	<shortcut>
		<defaultID>livetv</defaultID>
		<label>IPTV</label>
		<label2>Elément personnalisé</label2>
		<icon>special://skin/extras/icons/livetv.png</icon>
		<thumb />
		<action>noop</action>
		<visible>PVR.HasTVChannels</visible>
	</shortcut>
	<shortcut>
		<defaultID />
		<label>MYTF1</label>
		<label2>Elément personnalisé</label2>
		<icon>DefaultShortcut.png</icon>
		<thumb />
		<action>noop</action>
	</shortcut>
	<shortcut>
		<defaultID />
		<label>FRANCE.TV</label>
		<label2>Elément personnalisé</label2>
		<icon>DefaultShortcut.png</icon>
		<thumb />
		<action>noop</action>
	</shortcut>
	<shortcut>
		<defaultID />
		<label>6PLAY</label>
		<label2>Elément personnalisé</label2>
		<icon>DefaultShortcut.png</icon>
		<thumb />
		<action>noop</action>
	</shortcut>
	<shortcut>
		<defaultID />
		<label>NRJ PLAY</label>
		<label2>Elément personnalisé</label2>
		<icon>DefaultShortcut.png</icon>
		<thumb />
		<action>noop</action>
	</shortcut>
	<shortcut>
		<defaultID />
		<label>INFOS &amp; SPORTS</label>
		<label2>Elément personnalisé</label2>
		<icon>DefaultShortcut.png</icon>
		<thumb />
		<action>noop</action>
	</shortcut>
	<shortcut>
		<defaultID />
		<label>DIVERS</label>
		<label2>Elément personnalisé</label2>
		<icon>DefaultShortcut.png</icon>
		<thumb>image://special%3a%2f%2fhome%2faddons%2fplugin.video.vstream%2fresources%2fart%2fsites%2fchannelstream.png/</thumb>
		<action>NOOP</action>
	</shortcut>
	<shortcut>
		<defaultID>13009</defaultID>
		<label>QUITTER</label>
		<label2>Elément personnalisé</label2>
		<icon>special://skin/extras/icons/power.png</icon>
		<thumb />
		<action>NOOP</action>
	</shortcut>
</shortcuts>
