<shortcuts>
	<shortcut>
		<defaultID />
		<label>ACCUEIL</label>
		<label2>Elément personnalisé</label2>
		<icon>DefaultShortcut.png</icon>
		<thumb />
		<action>noop</action>
	</shortcut>
	<shortcut>
		<defaultID />
		<label>TNT &amp; REPLAY</label>
		<label2>Elément personnalisé</label2>
		<icon>DefaultShortcut.png</icon>
		<thumb />
		<action>noop</action>
	</shortcut>
	<shortcut>
		<defaultID>livetv</defaultID>
		<label>IPTV</label>
		<label2>Elément personnalisé</label2>
		<icon>special://skin/extras/icons/livetv.png</icon>
		<thumb />
		<action>noop</action>
		<visible>PVR.HasTVChannels</visible>
	</shortcut>
	<shortcut>
		<defaultID>movies</defaultID>
		<label>FILMS</label>
		<label2>Elément personnalisé</label2>
		<icon>special://skin/extras/icons/film.png</icon>
		<thumb />
		<action>NOOP</action>
	</shortcut>
	<shortcut>
		<defaultID>tvshows</defaultID>
		<label>SÉRIES</label>
		<label2>Elément personnalisé</label2>
		<icon>special://skin/extras/icons/tv.png</icon>
		<thumb />
		<action>NOOP</action>
	</shortcut>
	<shortcut>
		<defaultID />
		<label>DOCS &amp; SPECTACLES</label>
		<label2>Elément personnalisé</label2>
		<icon>DefaultShortcut.png</icon>
		<thumb />
		<action>noop</action>
	</shortcut>
	<shortcut>
		<defaultID>series-colorlightcoral-dossiers-color</defaultID>
		<label>ENFANTS</label>
		<label2>Elément personnalisé</label2>
		<icon>special://skin/extras/icons/folder.png</icon>
		<thumb>/sdcard/Android/data/org.xbmc.kodi/files/.kodi/userdata/addon_data/plugin.video.vstream/_logo/series.png</thumb>
		<action>NOOP</action>
	</shortcut>
	<shortcut>
		<defaultID />
		<label>MANGAS</label>
		<label2>Elément personnalisé</label2>
		<icon>DefaultShortcut.png</icon>
		<thumb />
		<action>noop</action>
	</shortcut>
	<shortcut>
		<defaultID />
		<label>DIVERS</label>
		<label2>Elément personnalisé</label2>
		<icon>DefaultShortcut.png</icon>
		<thumb>image://special%3a%2f%2fhome%2faddons%2fplugin.video.vstream%2fresources%2fart%2fsites%2fchannelstream.png/</thumb>
		<action>NOOP</action>
	</shortcut>
	<shortcut>
		<defaultID>13009</defaultID>
		<label>QUITTER</label>
		<label2>Elément personnalisé</label2>
		<icon>special://skin/extras/icons/power.png</icon>
		<thumb />
		<action>NOOP</action>
	</shortcut>
</shortcuts>
